<?xml version="1.0"?>
<general>
    <title>NHL94 - 2015</title>
    <category>Complete</category>
    <game>NHL '94 (GEN)</game>
    <author>NHL94</author>
    <modifications>
        <mod type="Graphics">true</mod>
        <mod type="Sound">true</mod>
        <mod type="Levels">true</mod>
        <mod type="Text">true</mod>
        <mod type="Gameplay">true</mod>
        <mod type="Other">false</mod>
    </modifications>
</general>
<file>
    <version>1.0</version>
    <releaseDate format="15 Dec 1998">28 Nov 2014</releaseDate>
    <filename type="url">https://raw.githubusercontent.com/Europia79/NHL94/master/Genesis/archives/NHL94%20-%202015.zip</filename>
    <readme type="url">https://raw.githubusercontent.com/Europia79/NHL94/master/Genesis/hacks/NHL94%20-%202015/hack.xml</readme>
    <format>BIN Format (GEN)</format>
</file>
<screenshots>
    <titleScreen>https://raw.githubusercontent.com/Europia79/NHL94/master/Genesis/hacks/NHL94%20-%202015/images/titlescreen/NHL94%20-%202015.png</titleScreen>
    <image1>https://raw.githubusercontent.com/Europia79/NHL94/master/Genesis/hacks/NHL94%20-%202015/images/screenshot1.png</image1>
    <image2>https://raw.githubusercontent.com/Europia79/NHL94/master/Genesis/hacks/NHL94%20-%202015/images/screenshot2.png</image2>
    <image3>https://raw.githubusercontent.com/Europia79/NHL94/master/Genesis/hacks/NHL94%20-%202015/images/screenshot3.png</image3>
    <image4>https://raw.githubusercontent.com/Europia79/NHL94/master/Genesis/hacks/NHL94%20-%202015/images/screenshot4.png</image4>
</screenshots>
<description>
- New players bench with goalies.
- Updated bench coaches.
- New nets with net cams.
- NHL 15 logo's added (intro, timer, in-game).
- Kenny Albert as the play-by-play announcer.
- 1 button goalie control.
- Updated goal horn.
- Center ice logos.
- Updated logos/teams/uniforms (Arizona etc.).
- New announcers in booth.
- Helmet patch.
- Fully editable in NOSE.
</description>
<romInfo>
Source file (Original ROM):
size:  1048576
CRC32: 9438F5DD
MD5:  8356B3F0D091B9CC441E2FF8721AD063
SHA1: 7B1489AB501258133BF03E5F0892B77D04312580
Output file (Hacked ROM):
size:  2097152
CRC32: 0F3C84FF
MD5:  EE0436FA75440DB57CDEB9D18BC094C4
SHA1: 0A3BCD93FC645A7D47FD2700334406D25CD3365F
</romInfo>
<credits>
    <credit>
        <name>skip</name>
        <type>hacking</type>
        <description>Updated rosters for 2014-15</description>
        <link>https://forum.nhl94.com/index.php?/profile/7395-skip/</link>
    </credit>
    <credit>
        <name>nhlpa93easn</name>
        <type>grahpics</type>
        <description>Teams, logos, uniforms, etc including goal horn.</description>
        <link>https://forum.nhl94.com/index.php?/profile/4571-nhlpa93easn/</link>
    </credit>
</credits>
