<?xml version="1.0"?>
<general>
    <title>NHL94 - 2014</title>
    <category>Complete</category>
    <game>NHL '94 (GEN)</game>
    <author>NHL94</author>
    <modifications>
        <mod type="Graphics">true</mod>
        <mod type="Sound">false</mod>
        <mod type="Levels">true</mod>
        <mod type="Text">true</mod>
        <mod type="Gameplay">true</mod>
        <mod type="Other">false</mod>
    </modifications>
</general>
<file>
    <version>1.0</version>
    <releaseDate format="15 Dec 1998">31 Oct 2013</releaseDate>
    <filename type="url">https://raw.githubusercontent.com/Europia79/NHL94/master/Genesis/archives/NHL94%20-%202014.zip</filename>
    <readme type="url">https://raw.githubusercontent.com/Europia79/NHL94/master/Genesis/hacks/NHL94%20-%202014/hack.xml</readme>
    <format>BIN Format (GEN)</format>
</file>
<screenshots>
    <titleScreen>https://raw.githubusercontent.com/Europia79/NHL94/master/Genesis/hacks/NHL94%20-%202014/images/titlescreen/NHL94%20-%202014.png</titleScreen>
    <image1>https://raw.githubusercontent.com/Europia79/NHL94/master/Genesis/hacks/NHL94%20-%202014/images/screenshot1.png</image1>
    <image2>https://raw.githubusercontent.com/Europia79/NHL94/master/Genesis/hacks/NHL94%20-%202014/images/screenshot2.png</image2>
    <image3>https://raw.githubusercontent.com/Europia79/NHL94/master/Genesis/hacks/NHL94%20-%202014/images/screenshot3.png</image3>
    <image4>https://raw.githubusercontent.com/Europia79/NHL94/master/Genesis/hacks/NHL94%20-%202014/images/screenshot4.png</image4>
</screenshots>
<description>
- 780 meticulously rated, NHL players for the regular season.
- All of the off-season trades and acquisitions.
- Player ratings based on last season statistics, and this seasons projections.
- 26 man rosters. 15 forwards, 8 defensemen, and 3 goalies.
- Line configurations for the regular season. [Left Wing Lock]
- Team rating projections for the regular season: home ice advantage
- (home PTS %), road warrior rating (away PTS %), special teams (PP% –
- PPGF, and PK% – PKGAA), offensive prowess (GF/G and GF), defensive
- stoutness (GAA) [EARE].
- New control read method. Goalie control is now mapped to the (Y) button. Controls must be calibrated to the 6 button configuration to use this feature. [SpritesMind]
- Refined system that narrows attribute increments for more accurate player ratings.
- NHL14 splash screens.
- NHL14 logo for the Zamboni and team selection.
- NHL14 timer logo.
- Player card portraits for every skater and goalie.
- Updated uniform palette, two separate swatches for lids and a hue for pin stripes.
- Remastered sprite fields with updated skater and goalie sprites. [Sprite Patch]
- 2013-14 Uniforms [HUDB].
- Trapezoid crease and improved nets.
- New font.
- Checking – speed burst multiplier adjustment.
- Adjusted fatigue meters.
- Hot – cold fix.
- Weight bug fix.
- Assist bug fix.
- Puck-drop organ tunes have been matched to the correct teams
- A longer, louder, different sounding goal horn that more closely resembles the ones used in current NHL arenas [YT].
</description>
<romInfo>
Source file (Original ROM):
size:  1048576
CRC32: 9438F5DD
MD5:  8356B3F0D091B9CC441E2FF8721AD063
SHA1: 7B1489AB501258133BF03E5F0892B77D04312580
Output file (Hacked ROM):
size:  2097152
CRC32: C3A619F9
MD5:  A3A2855B2AE0C74B725256B3D9FE49F9
SHA1: 90103D2FFA9351C0966009F32AB6BA57E43F9783
</romInfo>
<credits>
    <credit>
        <name>clockwise</name>
        <type>hacking</type>
        <description>hacking, graphics, sprites, font, cards, trapazoid</description>
        <link>https://forum.nhl94.com/index.php?/profile/194-clockwise/</link>
    </credit>
    <credit>
        <name>wboy</name>
        <type>hacking</type>
        <description>30 Team Template</description>
        <link>https://forum.nhl94.com/index.php?/profile/11-wboy/</link>
    </credit>
    <credit>
        <name>smozoma</name>
        <type>hacking</type>
        <description>Hot-Cold fix, 2nd Assist bug fix, Weight bug fix, Ratings formula</description>
        <link>https://forum.nhl94.com/index.php?/profile/253-smozoma/</link>
    </credit>
    <credit>
        <name>Tony H.</name>
        <type>hacking</type>
        <description>checking multiplier</description>
        <link>https://forum.nhl94.com/index.php?/profile/1144-tony-h/</link>
    </credit>
    <credit>
        <name>Kaneda</name>
        <type>hacking</type>
        <description>Goalie control</description>
        <link>http://gendev.spritesmind.net/page-home.html</link>
    </credit>
    <credit>
        <name>swos</name>
        <type>graphics</type>
        <description>Rink bench</description>
        <link>https://forum.nhl94.com/index.php?/profile/19-swos/</link>
    </credit>
    <credit>
        <name>Drew</name>
        <type>testing</type>
        <description>testing</description>
        <link>https://forum.nhl94.com/index.php?/profile/125-drew/</link>
    </credit>
</credits>
