<?xml version="1.0"?>
<general>
    <title>NHL94 - 1999</title>
    <category>Complete</category>
    <game>NHL '94 (GEN)</game>
    <author>NHL94</author>
    <modifications>
        <mod type="Graphics">true</mod>
        <mod type="Sound">false</mod>
        <mod type="Levels">true</mod>
        <mod type="Text">true</mod>
        <mod type="Gameplay">true</mod>
        <mod type="Other">false</mod>
    </modifications>
</general>
<file>
    <version>V4</version>
    <releaseDate format="15 Dec 1998">31 Mar 1999</releaseDate>
    <filename type="url">https://raw.githubusercontent.com/Europia79/NHL94/master/Genesis/archives/NHL94%20-%201999.zip</filename>
    <readme type="url">https://raw.githubusercontent.com/Europia79/NHL94/master/Genesis/hacks/NHL94%20-%201999/hack.xml</readme>
    <format>BIN Format (GEN)</format>
</file>
<screenshots>
    <titleScreen>https://raw.githubusercontent.com/Europia79/NHL94/master/Genesis/hacks/NHL94%20-%201999/images/titlescreen/NHL94%20-%201999.png</titleScreen>
    <image1>https://raw.githubusercontent.com/Europia79/NHL94/master/Genesis/hacks/NHL94%20-%201999/images/screenshot1.png</image1>
    <image2>https://raw.githubusercontent.com/Europia79/NHL94/master/Genesis/hacks/NHL94%20-%201999/images/screenshot2.png</image2>
    <image3>https://raw.githubusercontent.com/Europia79/NHL94/master/Genesis/hacks/NHL94%20-%201999/images/screenshot3.png</image3>
    <image4>https://raw.githubusercontent.com/Europia79/NHL94/master/Genesis/hacks/NHL94%20-%201999/images/screenshot4.png</image4>
</screenshots>
<description>
- Updated rosters.
</description>
<romInfo>
Source file:
size:  1048576
CRC32: 9438F5DD
MD5:  8356B3F0D091B9CC441E2FF8721AD063
SHA1: 7B1489AB501258133BF03E5F0892B77D04312580
Hacked file:
size:  2097152
CRC32: 9A33D1D3
MD5:  B197681A075723A89629B61B4FF9FA60
SHA1: 9F83EEF0B423C020E0DDE313ED8B8780D273AB58
</romInfo>
<credits>
    <credit>
        <name>Naples39</name>
        <type>hacking</type>
        <description>hacking</description>
        <link>https://forum.nhl94.com/index.php?/profile/61-naples39/</link>
    </credit>
    <credit>
        <name>wboy</name>
        <type>hacking</type>
        <description>30 Team Template</description>
        <link>https://forum.nhl94.com/index.php?/profile/11-wboy/</link>
    </credit>
</credits>
