<?xml version="1.0"?>
<general>
    <title>NHL94 - OISJDF</title>
    <category>Complete</category>
    <game>NHL '94 (GEN)</game>
    <author>OISJDF</author>
    <modifications>
        <mod type="Graphics">true</mod>
        <mod type="Sound">false</mod>
        <mod type="Levels">true</mod>
        <mod type="Text">true</mod>
        <mod type="Gameplay">true</mod>
        <mod type="Other">false</mod>
    </modifications>
</general>
<file>
    <version>OISJDF</version>
    <releaseDate format="15 Dec 1998">OISJDF</releaseDate>
    <filename type="url">OISJDF</filename>
    <readme type="url">OISJDF</readme>
    <format>BIN Format (GEN)</format>
</file>
<screenshots>
    <titleScreen>OISJDF</titleScreen>
    <image1>OISJDF</image1>
    <image2>OISJDF</image2>
    <image3>OISJDF</image3>
    <image4>OISJDF</image4>
</screenshots>
<description>OISJDF</description>
<romInfo>OISJDF</romInfo>

