<?xml version="1.0"?>
<general>
    <title>NHL94 - 3vs3</title>
    <category>Complete</category>
    <game>NHL '94 (GEN)</game>
    <author>NHL94</author>
    <modifications>
        <mod type="Graphics">false</mod>
        <mod type="Sound">false</mod>
        <mod type="Levels">false</mod>
        <mod type="Text">false</mod>
        <mod type="Gameplay">true</mod>
        <mod type="Other">false</mod>
    </modifications>
</general>
<file>
    <version>1.0</version>
    <releaseDate format="15 Dec 1998">31 Mar 2006</releaseDate>
    <filename type="url">https://raw.githubusercontent.com/Europia79/NHL94/master/Genesis/archives/NHL94%20-%203vs3.zip</filename>
    <readme type="url">https://raw.githubusercontent.com/Europia79/NHL94/master/Genesis/hacks/NHL94%20-%203vs3/hack.xml</readme>
    <format>BIN Format (GEN)</format>
</file>
<screenshots>
    <titleScreen>https://raw.githubusercontent.com/Europia79/NHL94/master/Genesis/hacks/NHL94%20-%203vs3/images/titlescreen/NHL94%20-%203vs3.png</titleScreen>
    <image1>https://raw.githubusercontent.com/Europia79/NHL94/master/Genesis/hacks/NHL94%20-%203vs3/images/screenshot1.png</image1>
    <image2>https://raw.githubusercontent.com/Europia79/NHL94/master/Genesis/hacks/NHL94%20-%203vs3/images/screenshot2.png</image2>
    <image3>https://raw.githubusercontent.com/Europia79/NHL94/master/Genesis/hacks/NHL94%20-%203vs3/images/screenshot3.png</image3>
    <image4>https://raw.githubusercontent.com/Europia79/NHL94/master/Genesis/hacks/NHL94%20-%203vs3/images/screenshot4.png</image4>
</screenshots>
<description>NHL94 - 3 on 3</description>
<romInfo>
Source file:
size:  1048576
CRC32: 9438F5DD
MD5:  8356B3F0D091B9CC441E2FF8721AD063
SHA1: 7B1489AB501258133BF03E5F0892B77D04312580
Hacked file:
size:  1048576
CRC32: BDCFA1E8
MD5:  2597B5A201F998FBB0F646EA91431E96
SHA1: 4022CD5CA40CB8AD05F6DF47494E1DE805F3A91A
</romInfo>
<credits>
    <credit>
        <name>OISJDF</name>
        <type>hacking</type>
        <description></description>
    </credit>
</credits>
